{
  "frozen": {
    "checkerboard": {
      "M_net_mean": 8.498052791902893,
      "M_net_std": 1.9659866747507388,
      "max_W_tang_mean": 0.4991324840656566,
      "A_NS_mean": -0.043209897027914446,
      "A_NS_std": 1.51841463275447,
      "A_EW_mean": -0.7235989227399946,
      "A_EW_std": 0.5341984970833953,
      "sigma_mean": [
        [
          0.13305129243944036,
          0.03795840113622681
        ],
        [
          0.030197146361881956,
          0.2560269199299713
        ]
      ],
      "mode_power_mean": {
        "1": 0.08927581593152836,
        "2": 0.0626746581143643,
        "3": 0.04179382613948736,
        "4": 0.1430714920922877,
        "5": 0.07578176134814853,
        "6": 0.040879201745491436,
        "7": 0.027510338967553255,
        "8": 0.519012905661139
      }
    },
    "stripe": {
      "M_net_mean": 14.291496497925488,
      "M_net_std": 7.555591390457652,
      "max_W_tang_mean": 0.5627273914853097,
      "A_NS_mean": 0.9606926003753501,
      "A_NS_std": 0.43742123813695566,
      "A_EW_mean": -0.9201738677505891,
      "A_EW_std": 0.3803480988502759,
      "sigma_mean": [
        [
          0.0059811110339265255,
          0.1873699364524158
        ],
        [
          -0.2207863079615519,
          -0.031722195846327766
        ]
      ],
      "mode_power_mean": {
        "1": 0.07785059162909097,
        "2": 0.12471150179979752,
        "3": 0.015329204942902876,
        "4": 0.13864545807656442,
        "5": 0.04764452777643732,
        "6": 0.0278720362302647,
        "7": 0.013300916075242041,
        "8": 0.5546457634697002
      }
    },
    "ferromagnetic": {
      "M_net_mean": 13.429065894411746,
      "M_net_std": 5.27105874143512,
      "max_W_tang_mean": 0.4991473015936301,
      "A_NS_mean": 1.0571207788252306,
      "A_NS_std": 0.13423091666729414,
      "A_EW_mean": -0.8783658872623288,
      "A_EW_std": 0.4142292883789344,
      "sigma_mean": [
        [
          0.2107367698744272,
          0.06425783257610093
        ],
        [
          -0.18950833824728822,
          -0.016694301510226883
        ]
      ],
      "mode_power_mean": {
        "1": 0.09587476793239433,
        "2": 0.036934941490211995,
        "3": 0.03562758521418215,
        "4": 0.16727504940184743,
        "5": 0.0746432662209176,
        "6": 0.0244587363723843,
        "7": 0.020005757657353837,
        "8": 0.5451798957107084
      }
    },
    "antiferromagnetic": {
      "M_net_mean": 7.807252658805594,
      "M_net_std": 3.8492799939367695,
      "max_W_tang_mean": 0.4990603412049829,
      "A_NS_mean": -1.3413643444081922,
      "A_NS_std": 0.4400540163367274,
      "A_EW_mean": -1.0164351515993093,
      "A_EW_std": 0.0035523825485397342,
      "sigma_mean": [
        [
          0.08011185436930746,
          -0.2173397437284611
        ],
        [
          -0.04654620427229462,
          -0.24136156772747397
        ]
      ],
      "mode_power_mean": {
        "1": 0.09143983296719943,
        "2": 0.072112181958282,
        "3": 0.03722004394094937,
        "4": 0.1463781084096475,
        "5": 0.07352200103364664,
        "6": 0.04722935867716499,
        "7": 0.022561443681681212,
        "8": 0.5095370293314289
      }
    }
  },
  "signed": {
    "checkerboard": {
      "M_net_mean": 2.7755575615628914e-14,
      "M_net_std": 1.9539925233402755e-14,
      "max_W_tang_mean": 0.5073861805774484,
      "A_NS_mean": -0.42160264535414355,
      "A_NS_std": 0.6972458076688983,
      "A_EW_mean": 0.34315683803164254,
      "A_EW_std": 0.3944045098510107,
      "sigma_mean": [
        [
          -0.05414080651353223,
          0.07095519863227073
        ],
        [
          -0.06091794679881424,
          -0.06559935530575865
        ]
      ],
      "mode_power_mean": {
        "1": 0.06776455129691131,
        "2": 0.06610173057417319,
        "3": 0.02879704957068262,
        "4": 0.17836230738324155,
        "5": 0.052261725590555475,
        "6": 0.05347422108821935,
        "7": 0.02662364545152225,
        "8": 0.5266147690446943
      }
    },
    "stripe": {
      "M_net_mean": 1.4654943925052066e-13,
      "M_net_std": 7.993605777301127e-14,
      "max_W_tang_mean": 0.7045077901454373,
      "A_NS_mean": 0.004238927068216547,
      "A_NS_std": 0.3224018546994103,
      "A_EW_mean": 0.5860686851379162,
      "A_EW_std": 0.3277384097169283,
      "sigma_mean": [
        [
          -0.027310461318136817,
          0.006057294857588706
        ],
        [
          0.06858378736187948,
          0.0534343644063395
        ]
      ],
      "mode_power_mean": {
        "1": 0.008931849128369003,
        "2": 0.020380628003265004,
        "3": 0.0013386577929599998,
        "4": 0.43695279440231904,
        "5": 0.004067248696748637,
        "6": 0.01794639976216116,
        "7": 0.0028946230137199425,
        "8": 0.5074877992004572
      }
    },
    "ferromagnetic": {
      "M_net_mean": 7999.9999999999745,
      "M_net_std": 6.431098710768743e-13,
      "max_W_tang_mean": 0.49914730159363085,
      "A_NS_mean": -0.6346097327341411,
      "A_NS_std": 0.9806637334311601,
      "A_EW_mean": -0.4657550935881519,
      "A_EW_std": 0.4302354432363159,
      "sigma_mean": [
        [
          -0.12812189532480772,
          -0.07863123402882452
        ],
        [
          -0.036656039654201056,
          -0.021284199101898424
        ]
      ],
      "mode_power_mean": {
        "1": 0.09587476793239419,
        "2": 0.036934941490213626,
        "3": 0.035627585214181974,
        "4": 0.16727504940184748,
        "5": 0.07464326622091738,
        "6": 0.02445873637238318,
        "7": 0.020005757657353743,
        "8": 0.5451798957107084
      }
    },
    "antiferromagnetic": {
      "M_net_mean": 1.1368683772161603e-13,
      "M_net_std": 1.1368683772161603e-13,
      "max_W_tang_mean": 0.5389219246139123,
      "A_NS_mean": -0.03596658592103319,
      "A_NS_std": 0.5010677790856659,
      "A_EW_mean": 0.03076809620705656,
      "A_EW_std": 0.39348424056264475,
      "sigma_mean": [
        [
          -0.08182555908745473,
          -0.0627481772069067
        ],
        [
          0.023592187211376618,
          0.16834242107967923
        ]
      ],
      "mode_power_mean": {
        "1": 0.03682016910103248,
        "2": 0.06299627176474015,
        "3": 0.008067183506006749,
        "4": 0.19876121572848687,
        "5": 0.022840346087406094,
        "6": 0.167666634930306,
        "7": 0.010222831321284681,
        "8": 0.49262534756073695
      }
    }
  },
  "live": {
    "checkerboard": {
      "M_net_mean": 8.678929041840773,
      "M_net_std": 1.9692347781237776,
      "max_W_tang_mean": 0.49859677867894936,
      "A_NS_mean": 0.43734371659945104,
      "A_NS_std": 1.0313892970598189,
      "A_EW_mean": -0.888033895573995,
      "A_EW_std": 0.31048314743252176,
      "sigma_mean": [
        [
          0.0621912684643697,
          0.0037269243812328087
        ],
        [
          -0.15986000984574442,
          -0.03403527991725165
        ]
      ],
      "mode_power_mean": {
        "1": 0.0910709340816079,
        "2": 0.06375070150252092,
        "3": 0.04226272563799321,
        "4": 0.15081088660900238,
        "5": 0.0768605635712799,
        "6": 0.04241201231354338,
        "7": 0.028001942390235568,
        "8": 0.5048302338938166
      }
    },
    "stripe": {
      "M_net_mean": 14.46466559840956,
      "M_net_std": 7.638977023113312,
      "max_W_tang_mean": 0.5624949776176534,
      "A_NS_mean": -0.428397914705274,
      "A_NS_std": 0.20570602583263511,
      "A_EW_mean": 1.7684058622062024,
      "A_EW_std": 1.4256004585009876,
      "sigma_mean": [
        [
          -0.14643897853860996,
          0.01563642924086245
        ],
        [
          0.23871704389916618,
          0.065957059254901
        ]
      ],
      "mode_power_mean": {
        "1": 0.0800732044385671,
        "2": 0.1269356156635829,
        "3": 0.015453754225991462,