{
  "frozen": {
    "checkerboard": {
      "M_net_mean": 10.55654829817308,
      "M_net_std": 2.832272520906974,
      "max_W_tang_mean": 0.4985894372407187,
      "A_NS_mean": -0.22180749953064263,
      "A_NS_std": 0.4850194084562685,
      "A_EW_mean": -0.3557351756173947,
      "A_EW_std": 1.086018301690817,
      "sigma_mean": [
        [
          0.2332055727776917,
          -0.02374534918126269
        ],
        [
          -0.05514965733617057,
          0.048019702247615495
        ]
      ],
      "mode_power_mean": {
        "1": 0.09215907617731235,
        "2": 0.05327942497880189,
        "3": 0.04171912645143421,
        "4": 0.15353419794234158,
        "5": 0.07726680022623744,
        "6": 0.046632887047439724,
        "7": 0.026802573935189013,
        "8": 0.5086059132412437
      }
    },
    "stripe": {
      "M_net_mean": 17.797918190045,
      "M_net_std": 5.934942588272764,
      "max_W_tang_mean": 0.562462974218847,
      "A_NS_mean": -0.5903535378738027,
      "A_NS_std": 0.5300051075804961,
      "A_EW_mean": -0.4440956369407806,
      "A_EW_std": 1.57927794986704,
      "sigma_mean": [
        [
          0.04474182634241837,
          -0.10848071069581344
        ],
        [
          -0.125247668767944,
          0.06229137550350209
        ]
      ],
      "mode_power_mean": {
        "1": 0.0754576255621094,
        "2": 0.12263299254373772,
        "3": 0.016522180105060232,
        "4": 0.15167062779579732,
        "5": 0.04703363685647095,
        "6": 0.03792630423050552,
        "7": 0.015419302453916886,
        "8": 0.533337330452402
      }
    },
    "ferromagnetic": {
      "M_net_mean": 10.192366305080238,
      "M_net_std": 6.169477222164655,
      "max_W_tang_mean": 0.4985896660695784,
      "A_NS_mean": 0.4144255938417419,
      "A_NS_std": 0.9932001903089273,
      "A_EW_mean": 0.45044304607679464,
      "A_EW_std": 0.6588344088703941,
      "sigma_mean": [
        [
          -0.004328020872201239,
          0.048264629191687766
        ],
        [
          0.18826294755045409,
          -0.05112647755463129
        ]
      ],
      "mode_power_mean": {
        "1": 0.09283817648597573,
        "2": 0.058140599807758084,
        "3": 0.03593071948877071,
        "4": 0.16738925031508683,
        "5": 0.07309260884465789,
        "6": 0.0374935036350799,
        "7": 0.021162845023792714,
        "8": 0.5139522963988782
      }
    },
    "antiferromagnetic": {
      "M_net_mean": 10.047192305285709,
      "M_net_std": 3.5359246627527514,
      "max_W_tang_mean": 0.4985889596508673,
      "A_NS_mean": 0.4130842960524642,
      "A_NS_std": 0.983372673991722,
      "A_EW_mean": 0.6222518766284404,
      "A_EW_std": 0.45308267150245407,
      "sigma_mean": [
        [
          0.10524660608492031,
          0.07766557514370169
        ],
        [
          0.02802431869095673,
          0.1183913751084438
        ]
      ],
      "mode_power_mean": {
        "1": 0.09081631471658934,
        "2": 0.08022223865636138,
        "3": 0.038119422189263015,
        "4": 0.15539348597438682,
        "5": 0.07405073725368042,
        "6": 0.04747166625761769,
        "7": 0.023024605206686987,
        "8": 0.4909015297454144
      }
    }
  },
  "signed": {
    "checkerboard": {
      "M_net_mean": 3.576583473829942e-13,
      "M_net_std": 2.2146778874125327e-13,
      "max_W_tang_mean": 0.5067899000348102,
      "A_NS_mean": -0.046462851646909595,
      "A_NS_std": 0.9351401521360972,
      "A_EW_mean": 0.35354262048459933,
      "A_EW_std": 1.3435289135828667,
      "sigma_mean": [
        [
          0.055360380759472215,
          0.0379260398704464
        ],
        [
          0.09025267769395137,
          0.04671623678612101
        ]
      ],
      "mode_power_mean": {
        "1": 0.0688648013866156,
        "2": 0.05726555165292909,
        "3": 0.026964812561958585,
        "4": 0.2267315335749843,
        "5": 0.05119568359400937,
        "6": 0.04959390456719529,
        "7": 0.02508033763806955,
        "8": 0.49430337502423816
      }
    },
    "stripe": {
      "M_net_mean": 1.2862599874097214e-12,
      "M_net_std": 8.38361466922651e-13,
      "max_W_tang_mean": 1.102661097437255,
      "A_NS_mean": 0.12138632289131548,
      "A_NS_std": 0.5481234781117248,
      "A_EW_mean": -0.21350688422431427,
      "A_EW_std": 0.5805356653557764,
      "sigma_mean": [
        [
          0.03796836122102737,
          0.0006225088795944967
        ],
        [
          -0.030792735966514245,
          -0.013332480814469394
        ]
      ],
      "mode_power_mean": {
        "1": 0.0016017482936074665,
        "2": 0.019564301217890722,
        "3": 0.00035880012351996476,
        "4": 0.5164055625305751,
        "5": 0.00035567956547197666,
        "6": 0.011725343854451389,
        "7": 0.0002619304100549149,
        "8": 0.4497266340044283
      }
    },
    "ferromagnetic": {
      "M_net_mean": 79999.99999999763,
      "M_net_std": 1.1271865066977384e-11,
      "max_W_tang_mean": 0.4985896660695811,
      "A_NS_mean": 0.1853404814575632,
      "A_NS_std": 0.959430261345858,
      "A_EW_mean": 0.09156063195398598,
      "A_EW_std": 1.6182080175956137,
      "sigma_mean": [
        [
          -0.01069726408452767,
          -0.07896687182070321
        ],
        [
          0.050086506644291894,
          -0.11322315546829173
        ]
      ],
      "mode_power_mean": {
        "1": 0.09283817648597438,
        "2": 0.058140599807759784,
        "3": 0.03593071948877298,
        "4": 0.16738925031507462,
        "5": 0.0730926088446593,
        "6": 0.03749350363506605,
        "7": 0.02116284502379332,
        "8": 0.5139522963988996
      }
    },
    "antiferromagnetic": {
      "M_net_mean": 3.637978807091713e-13,
      "M_net_std": 3.084246592664053e-13,
      "max_W_tang_mean": 0.5661492587489788,
      "A_NS_mean": -0.5550788265008226,
      "A_NS_std": 0.6956134812961555,
      "A_EW_mean": -0.020260248333373587,
      "A_EW_std": 0.9421547906447659,
      "sigma_mean": [
        [
          0.03498686305597106,
          -0.07381690335350907
        ],
        [
          -0.06320937472079655,
          0.054942422081616524
        ]
      ],
      "mode_power_mean": {
        "1": 0.026381228229907305,
        "2": 0.02324390042309999,
        "3": 0.004955516255290255,
        "4": 0.06967334683921897,
        "5": 0.013919092065467797,
        "6": 0.08354433437994699,
        "7": 0.007809648464849904,
        "8": 0.7704729333422188
      }
    }
  },
  "live": {
    "checkerboard": {
      "M_net_mean": 12.668835283543197,
      "M_net_std": 5.043559362611651,
      "max_W_tang_mean": 0.4985881304242536,
      "A_NS_mean": -1.1553807211415854,
      "A_NS_std": 0.7681540127653849,
      "A_EW_mean": -0.03977997870038226,
      "A_EW_std": 0.5165472864279693,
      "sigma_mean": [
        [
          0.1303776214947177,
          -0.17465089502347458
        ],
        [
          0.002705389613865361,
          0.06425656021136966
        ]
      ],
      "mode_power_mean": {
        "1": 0.09209213554149602,
        "2": 0.053709669739038936,
        "3": 0.041678037699528006,
        "4": 0.15431196103151018,
        "5": 0.07720051105584817,
        "6": 0.0465518189171102,
        "7": 0.02677712635442709,
        "8": 0.5076787396610414
      }
    },
    "stripe": {
      "M_net_mean": 17.79788507019787,
      "M_net_std": 5.934958646207997,
      "max_W_tang_mean": 0.5624611894723506,
      "A_NS_mean": 0.13269668871015824,
      "A_NS_std": 1.3093105810138919,
      "A_EW_mean": 0.3749783082595948,
      "A_EW_std": 0.5894690861819321,
      "sigma_mean": [
        [
          0.04037318655786639,
          -0.03931491440728809
        ],
        [
          0.2171881828722826,
          -0.0754336614950665
        ]
      ],
      "mode_power_mean": {
        "1": 0.07546112623125362,
        "2": 0.12262214578770503,
        "3": 0.016522710182615016,