{
  "64x64_4x4": {
    "checkerboard": {
      "M_net_mean": 2.1945408453423928e-13,
      "A_NS_mean": -0.35839541352964416,
      "A_NS_std": 0.5273774369747436,
      "A_EW_mean": 1.0992813134738777,
      "A_EW_std": 1.313639422696527,
      "defl_mean": 1.1914236510918694,
      "defl_std": 1.3710725864113835,
      "max_W_tang_mean": 0.5067895566176285,
      "mode_power": {
        "1": 0.06648761931007686,
        "2": 0.06985282766880703,
        "3": 0.02643835919682815,
        "4": 0.22202513858789927,
        "5": 0.04932904597477267,
        "6": 0.05772421535654348,
        "7": 0.026073829038691005,
        "8": 0.48206896486638157
      },
      "sigma_mean": [
        [
          0.042354312940914664,
          0.04386224650785433
        ],
        [
          0.16861707814015703,
          0.009506089870529056
        ]
      ],
      "snr_NS": 0.6795804833546717,
      "snr_EW": 0.8368211965025888,
      "snr_defl": 0.8689719734024269
    },
    "stripe": {
      "M_net_mean": 1.8228381766978905e-12,
      "A_NS_mean": -0.2593099475225258,
      "A_NS_std": 0.45292950838676066,
      "A_EW_mean": -0.024455404520819252,
      "A_EW_std": 0.841388241987569,
      "defl_mean": 0.7351098944646388,
      "defl_std": 0.4519502754223124,
      "max_W_tang_mean": 1.0860105646162468,
      "mode_power": {
        "1": 0.0016199408076277451,
        "2": 0.02450237034108366,
        "3": 0.0003691618759740999,
        "4": 0.5121112817643699,
        "5": 0.00039805917600699536,
        "6": 0.01562605936774,
        "7": 0.0002095624128609245,
        "8": 0.44516356425433656
      },
      "sigma_mean": [
        [
          0.000699476047829356,
          -0.038284909310100215
        ],
        [
          0.01977578312556108,
          -0.03942025070515572
        ]
      ],
      "snr_NS": 0.5725172299904528,
      "snr_EW": 0.029065541090816154,
      "snr_defl": 1.6265282586181318
    },
    "ferromagnetic": {
      "M_net_mean": 79999.99999999761,
      "A_NS_mean": 0.5574719221460671,
      "A_NS_std": 0.8894596063178725,
      "A_EW_mean": -0.8903453935592388,
      "A_EW_std": 0.8403921113191971,
      "defl_mean": 1.286544252698369,
      "defl_std": 0.8184362629624586,
      "max_W_tang_mean": 0.49858937421165606,
      "mode_power": {
        "1": 0.09360520619995899,
        "2": 0.06235013419620044,
        "3": 0.03497239610489241,
        "4": 0.1687010121805842,
        "5": 0.07278382439498196,
        "6": 0.032258355314089306,
        "7": 0.020038970764911165,
        "8": 0.5152901008443814
      },
      "sigma_mean": [
        [
          0.0979275390618937,
          0.014640846183902287
        ],
        [
          -0.1531336611608289,
          -0.08407895309368925
        ]
      ],
      "snr_NS": 0.6267535008743719,
      "snr_EW": 1.0594404463907068,
      "snr_defl": 1.5719541165508968
    },
    "antiferromagnetic": {
      "M_net_mean": 4.547473508864641e-13,
      "A_NS_mean": -0.8862729184086368,
      "A_NS_std": 0.8182868115726505,
      "A_EW_mean": -0.1449299140485356,
      "A_EW_std": 0.6426828203392255,
      "defl_mean": 1.197156891186575,
      "defl_std": 0.37760313718992766,
      "max_W_tang_mean": 0.5661487170330609,
      "mode_power": {
        "1": 0.02643808037930871,
        "2": 0.023998296838352515,
        "3": 0.004915586483090693,
        "4": 0.0706095322991775,
        "5": 0.013927097082590779,
        "6": 0.08499696246110323,
        "7": 0.00785497673829544,
        "8": 0.7672594677180812
      },
      "sigma_mean": [
        [
          -0.07322101398784225,
          -0.03522678539670965
        ],
        [
          -0.0337548642623361,
          0.012839147723300812
        ]
      ],
      "snr_NS": 1.083083468869949,
      "snr_EW": 0.22550768351336614,
      "snr_defl": 3.170410341650383
    }
  },
  "128x128_4x4": {
    "checkerboard": {
      "M_net_mean": 3.503031198448525e-13,
      "A_NS_mean": -0.08895351756575838,
      "A_NS_std": 2.0940765038556304,
      "A_EW_mean": -0.4399125943568574,
      "A_EW_std": 1.447772231803729,
      "defl_mean": 2.0762530397613914,
      "defl_std": 0.5631292391149637,
      "max_W_tang_mean": 0.5107391629465128,
      "mode_power": {
        "1": 0.0563214669501699,
        "2": 0.07358730103224868,
        "3": 0.0219495583727117,
        "4": 0.3277060210368907,
        "5": 0.0436791933905858,
        "6": 0.07646402538913395,
        "7": 0.019824328978838266,
        "8": 0.38046810484942095
      },
      "sigma_mean": [
        [
          -0.017174872067746417,
          0.0294982642317778
        ],
        [
          -0.15901762603977573,
          -0.18476126866838816
        ]
      ],
      "snr_NS": 0.04247863791125895,
      "snr_EW": 0.30385483620499176,
      "snr_defl": 3.6869920713485116
    },
    "stripe": {
      "M_net_mean": 2.607987899712801e-12,
      "A_NS_mean": -0.9628287485449922,
      "A_NS_std": 0.18158037102507535,
      "A_EW_mean": 0.0858852241589126,
      "A_EW_std": 1.1558662086468805,
      "defl_mean": 1.3475731382551352,
      "defl_std": 0.21608166313558577,
      "max_W_tang_mean": 0.7405169663580086,
      "mode_power": {
        "1": 0.001054561253512613,
        "2": 0.012214596017422044,
        "3": 0.00022561696279997743,
        "4": 0.5071186804988718,
        "5": 0.00045442317453714415,
        "6": 0.006722409340504839,
        "7": 0.0003311606227908801,
        "8": 0.4718785521295607
      },
      "sigma_mean": [
        [
          0.1180291768945847,
          -0.10450435681610248
        ],
        [
          -0.04211241429013094,
          0.08397691901371625
        ]
      ],
      "snr_NS": 5.302493563095707,
      "snr_EW": 0.07430377626442985,
      "snr_defl": 6.23640673021647
    },
    "ferromagnetic": {
      "M_net_mean": 79999.9999999976,
      "A_NS_mean": 0.864410032848347,
      "A_NS_std": 0.5242707574034133,
      "A_EW_mean": -0.8980168907308669,
      "A_EW_std": 0.36524474154432485,
      "defl_mean": 1.2610408896891097,
      "defl_std": 0.5944627166462993,
      "max_W_tang_mean": 0.5019544573725451,
      "mode_power": {
        "1": 0.0396733073560687,
        "2": 0.05410755475867774,
        "3": 0.011488065836266978,
        "4": 0.166466777838475,
        "5": 0.027858694147957008,
        "6": 0.02757531113906675,
        "7": 0.00964375427253903,
        "8": 0.6631865346509488
      },
      "sigma_mean": [
        [
          -0.1555417716504122,
          0.17015289493686936
        ],
        [
          -0.15436279803683217,
          0.12181325840218855
        ]
      ],
      "snr_NS": 1.6487855190122782,
      "snr_EW": 2.4586716483141666,
      "snr_defl": 2.1213119921184544
    },
    "antiferromagnetic": {
      "M_net_mean": 1.5158245029548805e-12,
      "A_NS_mean": 0.5931775423021709,
      "A_NS_std": 0.8122125822269834,
      "A_EW_mean": -0.3572830933911493,
      "A_EW_std": 1.3678288068124067,
      "defl_mean": 1.3478090513569663,
      "defl_std": 0.724587657475766,
      "max_W_tang_mean": 0.524159417467618,
      "mode_power": {
        "1": 0.016389673514578724,
        "2": 0.02458596990820444,
        "3": 0.004459572829932889,
        "4": 0.06381351588355744,
        "5": 0.011234595910024984,
        "6": 0.1199447141562222,
        "7": 0.004347338533707025,
        "8": 0.7552246192637723
      },
      "sigma_mean": [
        [
          0.12951098397635405,
          0.026536172486596492
        ],
        [
          -0.1172293564112709,
          -0.10769333029164803
        ]
      ],
      "snr_NS": 0.7303230155284638,
      "snr_EW": 0.2612045393485776,
      "snr_defl": 1.8601048989052702
    }
  },
  "256x256_4x4": {
    "checkerboard": {
      "M_net_mean": 1.1045146279068756e-12,
      "A_NS_mean": 1.052323731343437,
      "A_NS_std": 0.8867373412901131,
      "A_EW_mean": -0.000759512260601003,
      "A_EW_std": 1.2270422128083696,
      "defl_mean": 1.5106879501645711,